Personnel_ID,Matricule,Nom,Prenom,Role,REAP_Associe,Section,Type_Quart,Quart_Depart,PosteDeTravail,,
df5155e2-23c9-4c98-af4c-07523094943e,91883,MARTIN,Alexandre,Compagnon,a013c7a6-4904-4aa1-a9c1-6eae1e2371a7,ZIMS36,2*8,M,DRA714,,
3b9c7473-fd51-4253-a45e-d8bb0bdbed11,23148,BERNARD,Nicolas,Compagnon,a013c7a6-4904-4aa1-a9c1-6eae1e2371a7,ZIMS36,2*8,M,DRA714,,
6d37329c-d8ec-4b21-bbfa-30dab830f73d,223467,THOMAS,Julien,Intérimaire,a013c7a6-4904-4aa1-a9c1-6eae1e2371a7,ZIMS36,2*8,M,DRA714,,
6d549c5e-a4e5-4fb8-87c2-757a13efde31,213452,PETIT,Thomas,Compagnon,a013c7a6-4904-4aa1-a9c1-6eae1e2371a7,ZIMS36,2*8,M,DRA714,,
b7b05743-ea6a-4591-8d0e-f04b4a869e95,36413,ROBERT,Maxime,Compagnon,a013c7a6-4904-4aa1-a9c1-6eae1e2371a7,ZIMS36,2*8,M,DRA714,,
70b88ca3-287e-4d45-8730-41b22bfd8118,210138,RICHARD,Kevin,Compagnon,a013c7a6-4904-4aa1-a9c1-6eae1e2371a7,ZIMS36,2*8,M,DRA714,,
8b5fd00c-029c-488a-89e0-f9364f15b1b4,90,DURAND,Jeremy,Compagnon,a013c7a6-4904-4aa1-a9c1-6eae1e2371a7,ZIMS36,2*8,M,DRA714,,
aeff544c-edef-41c6-b2a5-8638ea5a7b0b,222637,DUBOIS,Clement,Compagnon,a013c7a6-4904-4aa1-a9c1-6eae1e2371a7,ZIMS36,2*8,M,DRA714,,
cc25f53d-ae39-4784-a307-7f024676808a,215068,MOREAU,Antoine,Compagnon,a013c7a6-4904-4aa1-a9c1-6eae1e2371a7,ZIMS36,2*8,M,DRA714,,
231f4dbe-7ca1-4883-a237-556a31dbea33,210749,LAURENT,Romain,Compagnon,a013c7a6-4904-4aa1-a9c1-6eae1e2371a7,ZIMS36,2*8,M,DRA714,,
293d9818-c352-4d14-90f5-cd17fcfc289c,225154,SIMON,Lucas,Intérimaire,a013c7a6-4904-4aa1-a9c1-6eae1e2371a7,ZIMS36,2*8,M,DRA714,,
74fd0fe9-406d-48fd-a6a7-8b8c8c22fafa,213646,MICHEL,Quentin,Compagnon,a013c7a6-4904-4aa1-a9c1-6eae1e2371a7,ZIMS36,2*8,M,DRA714,,
f4122b30-3ac8-42f6-ad68-044ed0576b16,222998,LEFEBVRE,Guillaume,Compagnon,a013c7a6-4904-4aa1-a9c1-6eae1e2371a7,ZIMS36,2*8,M,DRA714,,
ae5bf2c8-affa-46be-b1e3-53968a6204f8,91899,LEROY,Benoit,Compagnon,a013c7a6-4904-4aa1-a9c1-6eae1e2371a7,ZIMS36,2*8,M,DRA714,,
02cb1308-0d1b-4403-ae56-7408f626b81e,225321,ROUX,Mathieu,Intérimaire,a013c7a6-4904-4aa1-a9c1-6eae1e2371a7,ZIMS36,2*8,M,DRA714,,
7faa6291-a35d-41db-8444-b7b4b813ab1b,211801,DAVID,Anthony,Compagnon,a013c7a6-4904-4aa1-a9c1-6eae1e2371a7,ZIMS36,2*8,M,DRA714,,
58a17b47-9b1e-4920-8b8a-d02dd99ae9f0,222853,BERTRAND,Florian,Compagnon,a013c7a6-4904-4aa1-a9c1-6eae1e2371a7,ZIMS36,2*8,M,DRA714,,
9ea24eaa-4b1b-4404-b3df-742cbde18ac2,36393,MOREL,Adrien,Compagnon,a013c7a6-4904-4aa1-a9c1-6eae1e2371a7,ZIMS36,2*8,M,DRA714,,
0cc83293-6259-4c60-b997-ca03781724b0,50314,FOURNIER,Vincent,Compagnon,a013c7a6-4904-4aa1-a9c1-6eae1e2371a7,ZIMS36,2*8,M,DRA714,,
0b157d57-5e39-4942-9044-81992aa4dae5,82300,GIRARD,Valentin,Compagnon,a013c7a6-4904-4aa1-a9c1-6eae1e2371a7,ZIMS36,2*8,M,DRA714,,
15529f1e-6df1-4c5f-81c0-07aeec5bbed1,73573,BONNET,Alexis,Compagnon,a013c7a6-4904-4aa1-a9c1-6eae1e2371a7,ZIMS36,2*8,M,DRA714,,
ab260e94-919f-4192-a65e-77cddbd45a05,210534,DUPONT,Jerome,Compagnon,a013c7a6-4904-4aa1-a9c1-6eae1e2371a7,ZIMS36,2*8,M,DRA714,,
45bd8d8a-0485-47bd-a0dc-eb54f498df82,82241,LAMBERT,Aurelien,Compagnon,a013c7a6-4904-4aa1-a9c1-6eae1e2371a7,ZIMS36,2*8,M,DRA714,,
19f53e61-be63-4e72-b19b-9b7013e17045,227480,FONTAINE,Cedric,Intérimaire,a013c7a6-4904-4aa1-a9c1-6eae1e2371a7,ZIMS36,2*8,M,DRA714,,
ba45dd4a-558a-47f6-a9de-9e40bd5a6808,228251,ROUSSEAU,Ludovic,Intérimaire,a013c7a6-4904-4aa1-a9c1-6eae1e2371a7,ZIMS36,2*8,A,DRA714,,
0639efeb-0354-4bc7-a860-12ba0fe5f23d,96254,VINCENT,Mickael,Compagnon,313ee76a-1fa4-440c-b149-f7cbed386db1,ZIMS32,3*8,M,DRA718,,
c51b4a64-005b-4253-a607-e37d9bcfbbf0,222644,MULLER,Stephane,Compagnon,313ee76a-1fa4-440c-b149-f7cbed386db1,ZIMS32,2*8,A,DRA790/791,,
673002e8-4bb0-43f4-8d14-5b449ea78e42,15437,LEFEVRE,Damien,Compagnon,313ee76a-1fa4-440c-b149-f7cbed386db1,ZIMS32,2*8,A,DRA790/791,,
afafda6f-94d9-4318-971b-01e9d8d12186,225263,FAURE,David,Compagnon,313ee76a-1fa4-440c-b149-f7cbed386db1,ZIMS32,2*8,A,DRA790/791,,
10e95fa5-0752-488b-ab0f-8be0615b4ce5,213366,ANDRE,Loic,Compagnon,313ee76a-1fa4-440c-b149-f7cbed386db1,ZIMS32,2*8,A,DRA790/791,,
fe15643e-793f-4414-9a7d-91431ab84d2e,90513,MERCIER,Sebastien,Compagnon,313ee76a-1fa4-440c-b149-f7cbed386db1,ZIMS32,2*8,A,DRA790/791,,
022896e3-7f5f-4e11-ab60-ea48363c1ea3,221642,BLANC,Arnaud,Compagnon,313ee76a-1fa4-440c-b149-f7cbed386db1,ZIMS32,2*8,A,DRA790/791,,
af6b752f-2e37-4b16-ad6d-6a364011b6fd,222691,GUERIN,Yann,Compagnon,313ee76a-1fa4-440c-b149-f7cbed386db1,ZIMS32,2*8,A,DRA790/791,,
ab579a43-acc3-4bd9-a79f-42085c2cca97,210314,BOYER,Gregory,Compagnon,313ee76a-1fa4-440c-b149-f7cbed386db1,ZIMS32,2*8,A,DRA790/791,,
05811d32-4b66-495f-b33b-267bbd8d5d26,90537,GARNIER,Fabien,Compagnon,313ee76a-1fa4-440c-b149-f7cbed386db1,ZIMS32,3*8,A,DRA718,,
906efcd7-7b56-4924-9713-97f10e23cd90,221781,CHEVALIER,Jean,Compagnon,313ee76a-1fa4-440c-b149-f7cbed386db1,ZIMS32,3*8,A,DRA718,,
824fb58a-04bb-4ef5-a20d-f3e53214b0fa,224755,FRANCOIS,Pierre,Intérimaire,313ee76a-1fa4-440c-b149-f7cbed386db1,ZIMS32,3*8,N,DRA718,,
fa31caf6-81df-4cd9-a5b0-3ed26c3a9f68,87401,LEGRAND,Paul,Compagnon,313ee76a-1fa4-440c-b149-f7cbed386db1,ZIMS32,2*8,M,DRA718,,
98808661-f2e4-4057-903f-a783d00dbe5e,222516,GAUTHIER,Louis,Compagnon,313ee76a-1fa4-440c-b149-f7cbed386db1,ZIMS32,3*8,N,DRA718,,
59d03092-7b90-4f9f-9e72-f4e73acad73f,223516,GARCIA,Marc,Compagnon,313ee76a-1fa4-440c-b149-f7cbed386db1,ZIMS32,3*8,N,DRA718,,
eef0c530-a893-4dd2-93bf-8371aff055e2,214167,PERRIN,Eric,Compagnon,313ee76a-1fa4-440c-b149-f7cbed386db1,ZIMS32,3*8,M,DRA718,,
1de8eacb-f616-451d-88d8-89031abc08b4,220282,ROBIN,Philippe,Compagnon,313ee76a-1fa4-440c-b149-f7cbed386db1,ZIMS32,3*8,M,DRA718,,
e59df12b-7981-4d77-a9d0-6c447001fdcc,224992,CLEMENT,Christophe,Intérimaire,313ee76a-1fa4-440c-b149-f7cbed386db1,ZIMS32,3*8,N,DRA718,,
8d6f615e-8ecd-4846-9374-a5b758ef3351,221451,MORIN,Olivier,Compagnon,313ee76a-1fa4-440c-b149-f7cbed386db1,ZIMS32,3*8,A,DRA718,,
09989eb3-3660-4dc5-bd79-1a11484f20f3,223411,NICOLAS,Thierry,Compagnon,313ee76a-1fa4-440c-b149-f7cbed386db1,ZIMS32,3*8,M,DRA718,,
0300d17f-ede5-452e-b1d2-d2d4e393dd89,226626,HENRY,Patrick,Intérimaire,313ee76a-1fa4-440c-b149-f7cbed386db1,ZIMS32,3*8,N,DRA718,,
f7b836a6-4647-4cc8-9718-17cc945236c2,221680,ROUSSEL,Alain,Compagnon,313ee76a-1fa4-440c-b149-f7cbed386db1,ZIMS32,3*8,N,DRA718,,
4960b6c3-6509-4abd-ab5f-948c67900876,228479,MATHIEU,Michel,Intérimaire,313ee76a-1fa4-440c-b149-f7cbed386db1,ZIMS32,3*8,M,DRA718,,
3b32b235-1b1c-482e-9885-892b8f2059ff,210043,GAUTIER,Daniel,Compagnon,21350740-0f81-4de5-a840-0f3e1e7c253b,ZIMS31,2*8,M,DRA790/791,,
535100d6-23d8-4818-8339-560a2240f75a,212439,MASSON,Pascal,Compagnon,21350740-0f81-4de5-a840-0f3e1e7c253b,ZIMS31,2*8,M,DRA790/791,,
426d3f1b-6df5-4e27-9a1d-21f1d8c72371,81426,MARCHAND,Gilles,Compagnon,21350740-0f81-4de5-a840-0f3e1e7c253b,ZIMS31,2*8,M,DRA790/791,,
ae33a54a-37ea-4031-ab8f-9b5c6691a1c9,47299,DUVAL,Bruno,Compagnon,21350740-0f81-4de5-a840-0f3e1e7c253b,ZIMS31,2*8,M,DRA790/791,,
104705dc-8ff8-4b92-b1f1-54851f951e90,222985,DENIS,Christian,Compagnon,21350740-0f81-4de5-a840-0f3e1e7c253b,ZIMS31,2*8,M,DRA790/791,,
0b9c3de6-b1ea-4ee5-9368-e9f1f973f615,26598,DUMONT,Laurent,Compagnon,21350740-0f81-4de5-a840-0f3e1e7c253b,ZIMS31,2*8,M,DRA790/791,,
64ac974f-8c84-4def-95b6-d3ae4c1842d8,72711,MARIE,Didier,Compagnon,21350740-0f81-4de5-a840-0f3e1e7c253b,ZIMS31,2*8,M,DRA790/791,,
0103fead-553f-4376-86b3-157275ef3d6f,91882,LEMAIRE,Francois,Compagnon,21350740-0f81-4de5-a840-0f3e1e7c253b,ZIMS31,2*8,M,DRA790/791,,
6af1674c-e8f5-494c-96da-0465fc5a0c6a,223429,NOEL,Gustave,Compagnon,21350740-0f81-4de5-a840-0f3e1e7c253b,ZIMS31,3*8,M,DRA718,,
c07a1236-017e-4de2-928d-58aed0b8391e,210520,MEYER,Emile,Compagnon,21350740-0f81-4de5-a840-0f3e1e7c253b,ZIMS31,3*8,M,DRA718,,
4f352c7c-ce2f-4abc-a175-3b1512013f60,220269,DUFOUR,Victor,Compagnon,21350740-0f81-4de5-a840-0f3e1e7c253b,ZIMS31,3*8,M,DRA718,,
ad55d47c-d92c-4845-a978-c02832fdb501,36720,MEUNIER,Jules,Compagnon,21350740-0f81-4de5-a840-0f3e1e7c253b,ZIMS31,2*8,M,DRA718,,
7bbd64b2-c576-487f-95f4-1c7e4a4f0b7f,210090,BRUN,Arthur,Compagnon,21350740-0f81-4de5-a840-0f3e1e7c253b,ZIMS31,3*8,M,DRA718,,
62f33691-2b79-4733-a872-dd774e6f700c,225029,BLANCHARD,Gabriel,Compagnon,21350740-0f81-4de5-a840-0f3e1e7c253b,ZIMS31,3*8,M,DRA718,,
285c0689-6e65-49f2-9c5a-ff9f81e93796,221615,GIRAUD,Hugo,Compagnon,21350740-0f81-4de5-a840-0f3e1e7c253b,ZIMS31,3*8,M,DRA718,,
3b6a7135-28ca-4d80-9040-db7029e13374,222830,JOLY,Leo,Compagnon,21350740-0f81-4de5-a840-0f3e1e7c253b,ZIMS31,3*8,A,DRA718,,
9cffaa16-f56f-4720-8fea-7f2dd7e16b24,210785,RIVIERE,Nathan,Compagnon,21350740-0f81-4de5-a840-0f3e1e7c253b,ZIMS31,3*8,M,DRA718,,
9da4eb36-d855-41e8-afb1-22dc142dc396,73533,LUCAS,Enzo,Compagnon,21350740-0f81-4de5-a840-0f3e1e7c253b,ZIMS31,3*8,M,DRA718,,
1add001f-cf63-4938-9afd-cd6a7e01d6b4,223557,BRUNET,Raphael,Compagnon,21350740-0f81-4de5-a840-0f3e1e7c253b,ZIMS31,3*8,M,DRA718,,
5fafafe6-18e7-4ec4-8cf3-9a6c9ffadbee,214770,GAILLARD,Mael,Compagnon,21350740-0f81-4de5-a840-0f3e1e7c253b,ZIMS31,3*8,M,DRA718,,
193534da-9925-40bf-94e3-896275d02618,227438,BARBIER,Noah,Intérimaire,21350740-0f81-4de5-a840-0f3e1e7c253b,ZIMS33,3*8,M,DRA718,,
f7f7bf1e-c081-4768-8bda-b0614da77cf4,227775,ARNAUD,Ethan,Intérimaire,21350740-0f81-4de5-a840-0f3e1e7c253b,ZIMS31,2*8,M,DRA790/791,,
9b21e34d-e497-4810-9ab8-305a10d9324a,228326,MARTINEZ,Matheo,Intérimaire,21350740-0f81-4de5-a840-0f3e1e7c253b,ZIMS31,3*8,A,DRA718,,
aae5374e-6134-4d77-83ea-978fbcb6eabf,211357,AUBERT,Timeo,Compagnon,68484077-9ae1-4d9c-9d79-2da7e1701f26,ZIMS35,2*8,M,DRA714,,
f9d397af-ec43-4c3f-8b0a-d7cb6243a6d3,86451,ROCHE,Nolan,Compagnon,68484077-9ae1-4d9c-9d79-2da7e1701f26,ZIMS35,2*8,M,DRA714,,
cbcd1f34-eb01-4374-bacb-6f3a1b4d9133,82604,RENARD,Evan,Compagnon,68484077-9ae1-4d9c-9d79-2da7e1701f26,ZIMS35,2*8,M,DRA714,,
26fffe6f-de45-4acb-9f67-b4bca47a5698,215169,BARON,Axel,Compagnon,68484077-9ae1-4d9c-9d79-2da7e1701f26,ZIMS35,2*8,M,DRA714,,
eda228f7-341b-4391-988b-9938704618ec,214586,VIDAL,Yannick,Compagnon,68484077-9ae1-4d9c-9d79-2da7e1701f26,ZIMS35,2*8,M,DRA714,,
bcb2cf35-73f8-4f6a-a4a1-1b0b39dfa0a9,223403,BRUNEL,Xavier,Compagnon,68484077-9ae1-4d9c-9d79-2da7e1701f26,ZIMS35,2*8,M,DRA714,,
b9d2190e-20db-46b8-a436-aa8c50ccf21a,225096,BOULANGER,Samuel,Compagnon,68484077-9ae1-4d9c-9d79-2da7e1701f26,ZIMS35,2*8,M,DRA714,,
38039f90-e0cf-4b97-b8e0-879098b9a0bf,226645,GILBERT,Remy,Intérimaire,68484077-9ae1-4d9c-9d79-2da7e1701f26,ZIMS35,2*8,M,DRA714,,
bfc36325-0c6b-42cb-8fbb-afe7aabdee0e,221912,MENARD,Sylvain,Compagnon,68484077-9ae1-4d9c-9d79-2da7e1701f26,ZIMS35,2*8,M,DRA714,,
2974c500-079e-4989-895a-0b4f0f3ede69,210036,HENRI,Fabrice,Compagnon,68484077-9ae1-4d9c-9d79-2da7e1701f26,ZIMS35,2*8,M,DRA714,,
46b3c3be-8b30-4cba-a528-646610325af1,223205,COLIN,Cyril,Compagnon,68484077-9ae1-4d9c-9d79-2da7e1701f26,ZIMS35,2*8,M,DRA714,,
40a596b9-b973-44a3-a88b-4b4a20d23b87,220944,CHARTIER,Emmanuel,Compagnon,68484077-9ae1-4d9c-9d79-2da7e1701f26,ZIMS35,2*8,M,DRA714,,
c592d5fd-bdfd-4d75-96e9-a86eaaf031ca,75841,PREVOST,Bernard,Compagnon,68484077-9ae1-4d9c-9d79-2da7e1701f26,ZIMS35,2*8,M,DRA714,,
c4292248-2edf-48a4-adf5-4565c9f7468c,211891,PICHON,Gerard,Compagnon,68484077-9ae1-4d9c-9d79-2da7e1701f26,ZIMS35,2*8,M,DRA714,,
a6eba3ce-cb28-4616-a256-3d428f163bc6,77464,OLLIVIER,Guy,Compagnon,68484077-9ae1-4d9c-9d79-2da7e1701f26,ZIMS35,2*8,M,DRA714,,
3193217d-439b-455f-b6a7-ce0c9ae576a5,87369,PERROT,Marcel,Compagnon,68484077-9ae1-4d9c-9d79-2da7e1701f26,ZIMS35,2*8,M,DRA714,,
4dc34544-2347-4fbc-9a36-a5b6b10ea2d8,24111,LECOMTE,Rene,Compagnon,68484077-9ae1-4d9c-9d79-2da7e1701f26,ZIMS35,2*8,M,DRA714,,
0c45107e-e8fe-4659-a427-cc084369d90b,82293,GUILLAUME,Claude,Compagnon,68484077-9ae1-4d9c-9d79-2da7e1701f26,ZIMS35,2*8,M,DRA714,,
40b1a636-e54b-4fff-ada8-4f16d62b303d,82667,CARON,Yves,Compagnon,68484077-9ae1-4d9c-9d79-2da7e1701f26,ZIMS35,2*8,M,DRA714,,
fce9e68f-d0d7-4832-a925-a67ac17df53a,94020,DESHAYES,Denis,Compagnon,68484077-9ae1-4d9c-9d79-2da7e1701f26,ZIMS35,2*8,M,DRA714,,
22e71320-3045-42d3-b934-f60a687584d9,227868,HEBERT,Joel,Apprenti Atelier,68484077-9ae1-4d9c-9d79-2da7e1701f26,ZIMS35,2*8,A,DRA714,,
7adbaa49-5838-42fb-813f-8cd5d5897cbf,220811,BOUCHER,Serge,Intérimaire,68484077-9ae1-4d9c-9d79-2da7e1701f26,ZIMS35,2*8,M,DRA714,,
193534da-9925-40bf-94e3-896275d02588,67685,TESSIER,Reginald,Compagnon,cef23e6f-2f6b-4094-9c14-f8172d00f49e,ZIMS33,3*8,A,DRA716,,
193534da-9925-40bf-94e3-896275d02589,214609,PASQUIER,Alphonse,Compagnon,cef23e6f-2f6b-4094-9c14-f8172d00f49e,ZIMS33,3*8,A,DRA716,,
193534da-9925-40bf-94e3-896275d02590,210536,KLEIN,Leon,Compagnon,cef23e6f-2f6b-4094-9c14-f8172d00f49e,ZIMS33,3*8,A,DRA716,,
193534da-9925-40bf-94e3-896275d02591,223418,COULON,Basile,Intérimaire,cef23e6f-2f6b-4094-9c14-f8172d00f49e,ZIMS33,3*8,N,DRA716,,
193534da-9925-40bf-94e3-896275d02592,211799,AUBRY,Oscar,Compagnon,cef23e6f-2f6b-4094-9c14-f8172d00f49e,ZIMS33,3*8,M,DRA716,,
193534da-9925-40bf-94e3-896275d02593,211078,VASSEUR,Edouard,Compagnon,cef23e6f-2f6b-4094-9c14-f8172d00f49e,ZIMS33,3*8,M,DRA716,,
193534da-9925-40bf-94e3-896275d02594,222986,LEBRUN,Charles,Compagnon,cef23e6f-2f6b-4094-9c14-f8172d00f49e,ZIMS33,3*8,M,DRA716,,
193534da-9925-40bf-94e3-896275d02595,212485,PELLETIER,Marie,Compagnon,cef23e6f-2f6b-4094-9c14-f8172d00f49e,ZIMS33,3*8,M,DRA717,,
193534da-9925-40bf-94e3-896275d02596,77321,REY,Julie,Compagnon,cef23e6f-2f6b-4094-9c14-f8172d00f49e,ZIMS33,3*8,A,DRA717,,
193534da-9925-40bf-94e3-896275d02597,81406,LECLERC,Camille,Compagnon,cef23e6f-2f6b-4094-9c14-f8172d00f49e,ZIMS33,3*8,M,DRA717,,
193534da-9925-40bf-94e3-896275d02598,227324,BARBE,Lea,Intérimaire,cef23e6f-2f6b-4094-9c14-f8172d00f49e,ZIMS33,2*8,M,DRA715,,
193534da-9925-40bf-94e3-896275d02599,26985,LUCAS,Manon,Compagnon,cef23e6f-2f6b-4094-9c14-f8172d00f49e,ZIMS33,2*8,M,DRA715,,
193534da-9925-40bf-94e3-896275d02600,214093,BIGOT,Chloe,Compagnon,cef23e6f-2f6b-4094-9c14-f8172d00f49e,ZIMS33,2*8,M,DRA715,,
193534da-9925-40bf-94e3-896275d02601,43004704,LEMOINE,Laura,Compagnon,cef23e6f-2f6b-4094-9c14-f8172d00f49e,ZIMS33,2*8,M,DRA715,,
193534da-9925-40bf-94e3-896275d02602,222999,MAILLARD,Sarah,Intérimaire,cef23e6f-2f6b-4094-9c14-f8172d00f49e,ZIMS33,2*8,M,DRA715,,
193534da-9925-40bf-94e3-896275d02603,224435,PHILIPPE,Emma,Compagnon,cef23e6f-2f6b-4094-9c14-f8172d00f49e,ZIMS33,2*8,M,DRA715,,
193534da-9925-40bf-94e3-896275d02604,212443,BOUVIER,Marine,Compagnon,cef23e6f-2f6b-4094-9c14-f8172d00f49e,ZIMS33,2*8,M,DRA715,,
193534da-9925-40bf-94e3-896275d02605,223427,LAPORTE,Oceane,Intérimaire,cef23e6f-2f6b-4094-9c14-f8172d00f49e,ZIMS33,2*8,M,DRA715,,
193534da-9925-40bf-94e3-896275d02606,47298,ADAM,Ludivine,Compagnon,cef23e6f-2f6b-4094-9c14-f8172d00f49e,ZIMS33,2*8,M,DRA715,,
193534da-9925-40bf-94e3-896275d02607,220887,LACROIX,Clara,Compagnon,cef23e6f-2f6b-4094-9c14-f8172d00f49e,ZIMS33,2*8,M,DRA715,,
193534da-9925-40bf-94e3-896275d02608,213367,BAILLY,Anais,Compagnon,cef23e6f-2f6b-4094-9c14-f8172d00f49e,ZIMS33,2*8,M,DRA715,,
193534da-9925-40bf-94e3-896275d02609,215079,MALLET,Melanie,Compagnon,cef23e6f-2f6b-4094-9c14-f8172d00f49e,ZIMS33,2*8,M,DRA715,,
193534da-9925-40bf-94e3-896275d02610,222852,CARPENTIER,Elodie,Compagnon,cef23e6f-2f6b-4094-9c14-f8172d00f49e,ZIMS33,2*8,M,DRA715,,
193534da-9925-40bf-94e3-896275d02611,85739,JULIEN,Emilie,Compagnon,cef23e6f-2f6b-4094-9c14-f8172d00f49e,ZIMS33,2*8,M,DRA715,,
193534da-9925-40bf-94e3-896275d02613,223522,BENOÎT,Audrey,Compagnon,cef23e6f-2f6b-4094-9c14-f8172d00f49e,ZIMS33,2*8,M,DRA715,,
193534da-9925-40bf-94e3-896275d02614,50273,PARIS,Sandrine,Compagnon,cef23e6f-2f6b-4094-9c14-f8172d00f49e,ZIMS33,2*8,M,DRA715,,
193534da-9925-40bf-94e3-896275d02615,213954,MAILLOT,Nathalie,Compagnon,cef23e6f-2f6b-4094-9c14-f8172d00f49e,ZIMS33,2*8,M,DRA715,,
193534da-9925-40bf-94e3-896275d02616,222022,MARCHAL,Isabelle,Compagnon,cef23e6f-2f6b-4094-9c14-f8172d00f49e,ZIMS33,2*8,M,DRA715,,
193534da-9925-40bf-94e3-896275d02617,227166,ALEXANDRE,Sylvie,Intérimaire,cef23e6f-2f6b-4094-9c14-f8172d00f49e,ZIMS33,2*8,M,DRA715,,
893196f2-7776-4354-ae05-35f8f2057205,228230,VALLET,Monique,Intérimaire,cef23e6f-2f6b-4094-9c14-f8172d00f49e,ZIMS33,2*8,M,DRA715,,
d49a8e35-77a8-4363-9912-fe7ab4b3d375,72788,CORDIER,Francoise,Compagnon,fe176eda-e407-4b6d-9bb4-4305735c3ad8,ZIMS34,3*8,N,DRA716,,
e2c11c62-2199-4308-859f-3f200eb5307b,41250,BARRET,Catherine,Compagnon,fe176eda-e407-4b6d-9bb4-4305735c3ad8,ZIMS34,3*8,A,DRA716,,
436d5440-9cf2-4206-966c-56f0ffc7add2,221612,GUYOT,Valerie,Compagnon,fe176eda-e407-4b6d-9bb4-4305735c3ad8,ZIMS34,3*8,A,DRA716,,
208a0da4-7898-4375-959a-6e0938febae1,223330,SCHMITT,Sophie,Intérimaire,fe176eda-e407-4b6d-9bb4-4305735c3ad8,ZIMS34,3*8,M,DRA716,,
1f49d8eb-28a5-46b6-8c0c-b5062b48d45f,82618,BROSSARD,Celine,Compagnon,fe176eda-e407-4b6d-9bb4-4305735c3ad8,ZIMS34,3*8,A,DRA717,,
12396cfd-ac86-4dbb-a235-2a327466b31e,211914,CHEVALIER,Stephanie,Compagnon,fe176eda-e407-4b6d-9bb4-4305735c3ad8,ZIMS34,3*8,N,DRA717,,
25b1ea44-400b-4b8d-bd8e-ac95e9492542,8167,DESLANDES,Corinne,Compagnon,fe176eda-e407-4b6d-9bb4-4305735c3ad8,ZIMS34,3*8,N,DRA717,,
4cb96ae1-4860-4651-9f6a-987c1a3b4f81,220286,DELATTRE,Pascale,Compagnon,fe176eda-e407-4b6d-9bb4-4305735c3ad8,ZIMS34,2*8,A,DRA715,,
93e823fd-336b-4100-a0e1-fd1ed4171f5f,222827,BERGER,Martine,Compagnon,fe176eda-e407-4b6d-9bb4-4305735c3ad8,ZIMS34,2*8,A,DRA715,,
30fbf27f-edd5-4b47-9851-2089886329ad,91844,BERTIN,Chantal,Compagnon,fe176eda-e407-4b6d-9bb4-4305735c3ad8,ZIMS34,2*8,A,DRA715,,
e88f1200-8dcc-4e16-b1d4-f1ce254ce02d,39988,LANGLOIS,Dominique,Compagnon,fe176eda-e407-4b6d-9bb4-4305735c3ad8,ZIMS34,2*8,A,DRA715,,
183d226b-2824-4c20-a853-3f19a397604d,210430,REMY,Anne,Compagnon,fe176eda-e407-4b6d-9bb4-4305735c3ad8,ZIMS34,2*8,A,DRA715,,
53b5b7cb-ac00-4ed7-b497-8a1fa0cb3975,224272,SCHNEIDER,Elisabeth,Compagnon,fe176eda-e407-4b6d-9bb4-4305735c3ad8,ZIMS34,2*8,A,DRA715,,
ab27b73e-72db-4d15-96ae-d5232e35e87b,54381,PERRIER,Nicole,Compagnon,fe176eda-e407-4b6d-9bb4-4305735c3ad8,ZIMS34,2*8,A,DRA715,,
dc17e487-48bf-4fa0-a4a4-825b4dbd6b87,50497,BOUCHET,Brigitte,Compagnon,fe176eda-e407-4b6d-9bb4-4305735c3ad8,ZIMS34,2*8,A,DRA715,,
20675bec-4433-448e-bf02-b0b27b42a5b1,41071,EVRARD,Florence,Compagnon,fe176eda-e407-4b6d-9bb4-4305735c3ad8,ZIMS34,2*8,A,DRA715,,
87e4f9e9-ad0e-4808-a5a3-7f703146d47e,222849,VERDIER,Helene,Compagnon,fe176eda-e407-4b6d-9bb4-4305735c3ad8,ZIMS34,2*8,A,DRA715,,
985c07e3-5029-4077-9607-71e555879fdf,211203,LEBLANC,Mathilde,Compagnon,fe176eda-e407-4b6d-9bb4-4305735c3ad8,ZIMS34,2*8,A,DRA715,,
9acc40bd-330a-4277-9341-6a709f1d060d,224760,LEGENDRE,Alice,Intérimaire,fe176eda-e407-4b6d-9bb4-4305735c3ad8,ZIMS34,2*8,A,DRA715,,
367e6214-a6b2-4fd6-aaab-7a2b5f71e8a2,210431,GREGOIRE,Lucie,Compagnon,fe176eda-e407-4b6d-9bb4-4305735c3ad8,ZIMS34,2*8,A,DRA715,,
20db6d55-ca77-4751-9c27-320740fb4265,222293,GODEFROY,Jeanne,Compagnon,fe176eda-e407-4b6d-9bb4-4305735c3ad8,ZIMS34,2*8,A,DRA715,,
2faf32d6-692f-4697-bd55-066217e25651,221596,COLLET,Charlotte,Compagnon,fe176eda-e407-4b6d-9bb4-4305735c3ad8,ZIMS34,2*8,A,DRA715,,
e148a432-d468-4c88-bae1-712ccb0f3541,225554,BRUNEAU,Amandine,Compagnon,fe176eda-e407-4b6d-9bb4-4305735c3ad8,ZIMS34,2*8,A,DRA715,,
c726e006-db3b-41b3-aaf2-ea736840b459,227277,BOUCHER,Marion,Intérimaire,fe176eda-e407-4b6d-9bb4-4305735c3ad8,ZIMS34,2*8,A,DRA715,,
536d9afc-5891-411a-9bf2-df38f373a189,227366,FERRAND,Aurore,Intérimaire,fe176eda-e407-4b6d-9bb4-4305735c3ad8,ZIMS34,2*8,A,DRA715,,
0bfbf303-c427-4a69-9fe6-e07f7c79310f,228107,LACOMBE,Cassandra,Intérimaire,fe176eda-e407-4b6d-9bb4-4305735c3ad8,ZIMS34,2*8,A,DRA715,,
3c9a8871-3607-4e11-a27c-4e7d9ab3e107,228273,DELORME,Morganne,Intérimaire,fe176eda-e407-4b6d-9bb4-4305735c3ad8,ZIMS34,3*8,N,DRA716,,
58974e22-7a8b-4d59-82fb-77841d62da77,73562,ROYER,Estelle,Compagnon,fe176eda-e407-4b6d-9bb4-4305735c3ad8,ZIMS34,2*8,M,DRA715,,
f0247ab7-8219-4b5a-90ea-2e15a5d56388,227553,TANGUY,Gaelle,Intérimaire,fe176eda-e407-4b6d-9bb4-4305735c3ad8,ZIMS34,3*8,M,DRA716,,
5c585c83-3ac5-4af8-9e7b-186065b9d671,222991,POULAIN,Sabrina,Compagnon,fe176eda-e407-4b6d-9bb4-4305735c3ad8,ZIMS34,3*8,M,DRA716,,
0fb6e3c6-b50e-4ff1-9024-5dddafb8eadd,228497,GODARD,Vanessa,Intérimaire,fe176eda-e407-4b6d-9bb4-4305735c3ad8,ZIMS34,3*8,N,DRA716,,
4f39dc96-262c-478b-bf89-aef8472945ae,221241,LEMAITRE,Jessica,Apprenti,,ZIMS3,2*8,M,,,2279eec1-6936-4481-a772-db1a5f8b0618
0795cc59-c306-4e45-a69c-674b178a8229,225791,SALMON,Aurelie,Apprenti,,ZIMS3,Journée,J,,,2279eec1-6936-4481-a772-db1a5f8b0618
3ec5ee15-228c-4f94-929a-246895d4806d,225798,PRIVAT,Laetitia,Apprenti,,ZIMS3,Journée,J,,,2279eec1-6936-4481-a772-db1a5f8b0618
32bb8b75-290d-4fd5-9c61-526815ff13fe,227783,BAZIN,Magali,Apprenti,,ZIMS3,Journée,J,,,2279eec1-6936-4481-a772-db1a5f8b0618
ade66a05-2468-4114-98a4-c28a49dfdb58,36711,MARECHAL,Delphine,MFT,,ZIMS3,Journée,J,,,2279eec1-6936-4481-a772-db1a5f8b0618
233c40ba-c3d0-4138-932e-982acd63f183,220441,BOURGEOIS,Severine,MFT,,ZIMS3,Journée,J,,,2279eec1-6936-4481-a772-db1a5f8b0618
2279eec1-6936-4481-a772-db1a5f8b0618,24165,GRONDIN,Nadine,RP,,ZIMS3,Journée,J,,,
a013c7a6-4904-4aa1-a9c1-6eae1e2371a7,513432,LETELLIER,Colette,REAP,,ZIMS36,2*8,A,,,2279eec1-6936-4481-a772-db1a5f8b0618
68484077-9ae1-4d9c-9d79-2da7e1701f26,28191,CHARPENTIER,Simone,REAP,,ZIMS35,2*8,A,,,2279eec1-6936-4481-a772-db1a5f8b0618
fe176eda-e407-4b6d-9bb4-4305735c3ad8,85690,JEAN,Odette,REAP,,ZIMS34,2*8,M,,,2279eec1-6936-4481-a772-db1a5f8b0618
cef23e6f-2f6b-4094-9c14-f8172d00f49e,28213,LEBRETON,Paulette,REAP,,ZIMS33,2*8,A,,,2279eec1-6936-4481-a772-db1a5f8b0618
313ee76a-1fa4-440c-b149-f7cbed386db1,54761,LEGOFF,Marguerite,REAP,,ZIMS32,2*8,M,,,2279eec1-6936-4481-a772-db1a5f8b0618
21350740-0f81-4de5-a840-0f3e1e7c253b,38902,HAMON,Madeleine,REAP,,ZIMS31,2*8,M,,,2279eec1-6936-4481-a772-db1a5f8b0618
d48fb688-c74a-4499-955c-15493d3e589f,49799,BOULLE,Yvonne,Responsable Qualité,,,Journée,J,,,
2c176195-0208-4c96-a7ab-ffe1b74417cc,82689,GALLET,Suzanne,Qualité,,,2*8,M,,,d48fb688-c74a-4499-955c-15493d3e589f
6c41d701-9ecf-4f12-b58b-6dbdc158e1df,EX004809,LAGARDE,Denise,Qualité,,,Journée,J,,,d48fb688-c74a-4499-955c-15493d3e589f
3afbb189-bcaa-4e55-bbfb-c7703cad9cb3,EX065078,GRIMALDI,Genevieve,Qualité,,,2*8,M,,,d48fb688-c74a-4499-955c-15493d3e589f
aa02ec72-2b70-4d81-ae02-4711e0375fe9,36710,NAVAS,Lucienne,Qualité,,,2*8,M,,,d48fb688-c74a-4499-955c-15493d3e589f
c40ad0bf-c3de-4935-9c42-6ee61a04aba5,50391,DUPRÉ,Germaine,Qualité,,,2*8,M,,,d48fb688-c74a-4499-955c-15493d3e589f
1f9ceead-3431-4eb7-b320-c285d5505828,EX005192,JOUBERT,Rose,Qualité,,,2*8,M,,,d48fb688-c74a-4499-955c-15493d3e589f
78fa1ae9-e8f6-44a7-969c-704b20b33077,80072,LEFORT,Lily,Qualité,,,2*8,A,,,d48fb688-c74a-4499-955c-15493d3e589f
01c2ab90-1603-4d74-8be3-07b8d2dd70fa,EX003694,MORVAN,Zoe,Qualité,,,2*8,A,,,d48fb688-c74a-4499-955c-15493d3e589f
d23ce011-4d4a-4fa6-9f91-a292adb67fd8,67627,PIRES,Ines,Qualité,,,2*8,A,,,d48fb688-c74a-4499-955c-15493d3e589f
2d1caa2e-eb17-482a-b609-65bbed4a25f8,EX053558,TEIXEIRA,Jade,Qualité,,,2*8,A,,,d48fb688-c74a-4499-955c-15493d3e589f
6dc6484c-7e7b-43e7-9dcc-3823c83359ca,73537,DIALLO,Maya,Qualité,,,2*8,A,,,d48fb688-c74a-4499-955c-15493d3e589f
a66034c5-8b4e-4301-815a-8fea42652602,228536,TRAORE,Lola,Intérimaire,cef23e6f-2f6b-4094-9c14-f8172d00f49e,ZIMS33,3*8,A,DRA716,,
166732f1-8b13-444e-9651-791a341925af,228626,NGUYEN,Lina,Intérimaire,a013c7a6-4904-4aa1-a9c1-6eae1e2371a7,ZIMS36,Journée,J,DRA714,,
635caa53-b28d-4b3e-ab59-6c2edef22663,229367,LAROCHE,Mila,Intérimaire,a013c7a6-4904-4aa1-a9c1-6eae1e2371a7,ZIMS36,2*8,A,DRA714,,
28a19fa2-d5b6-4734-af11-822814f716d4,229406,FAIVRE,Ambre,Intérimaire,cef23e6f-2f6b-4094-9c14-f8172d00f49e,ZIMS33,2*8,M,DRA715,,
3b9ad44f-cbb7-403b-84df-dc001362d90f,228101,BRETIN,Agathe,Intérimaire,68484077-9ae1-4d9c-9d79-2da7e1701f26,ZIMS35,2*8,M,DRA714,,
3ea565df-8e3f-429b-8811-2bae874eeab0,228457,VACHER,Elisa,Intérimaire,68484077-9ae1-4d9c-9d79-2da7e1701f26,ZIMS35,2*8,M,DRA714,,
6ba6ec61-b9e4-486c-ade8-d0a9c8041d4c,228340,CHASTEL,Myriam,Intérimaire,fe176eda-e407-4b6d-9bb4-4305735c3ad8,ZIMS34,2*8,A,DRA715,,
0c28c30e-b2ad-4362-b907-e2f924967b64,229270,SABATIER,Sabine,Intérimaire,313ee76a-1fa4-440c-b149-f7cbed386db1,ZIMS32,2*8,M,DRA790/791,,
3c7a5238-0353-49cd-8525-f5a7b9297b8c,229591,PELLETIER,Carole,Intérimaire,313ee76a-1fa4-440c-b149-f7cbed386db1,ZIMS32,3*8,M,DRA718,,
ac34692d-acc9-4732-a2da-b9e35740bf42,229611,CLAVEL,Sonia,Intérimaire,cef23e6f-2f6b-4094-9c14-f8172d00f49e,ZIMS33,2*8,A,DRA715,,
cde5ebe1-148e-4ca3-9c74-9db3e7f8e9e6,229539,BOUSQUET,Karine,Intérimaire,cef23e6f-2f6b-4094-9c14-f8172d00f49e,ZIMS33,3*8,M,DRA716,,
7ffed19d-4001-440d-b1ee-eea7261f7a0e,229678,COSTE,Muriel,Intérimaire,68484077-9ae1-4d9c-9d79-2da7e1701f26,ZIMS35,2*8,M,DRA714,,
eceeaa7f-c747-43d7-94e9-5d2cc069dea9,à Renseigner,TERRAL,Nadia,Intérimaire,fe176eda-e407-4b6d-9bb4-4305735c3ad8,ZIMS34,2*8,M,DRA715,,
a0f79a68-a3da-4eb4-b519-8a3d5b67bbb4,à renseigner,GALIBERT,Camille,Intérimaire,fe176eda-e407-4b6d-9bb4-4305735c3ad8,ZIMS34,3*8,A,DRA716,,
f2030308-0f05-46b5-9c76-e84835993eb7,à renseigner,BELLEGARDE,Lenny,Compagnon,cef23e6f-2f6b-4094-9c14-f8172d00f49e,ZIMS33,2*8,M,DRA715,,
0f760428-4370-4437-a854-72ec03eb4830,47293,ROBERT,Christophe,Compagnon,a013c7a6-4904-4aa1-a9c1-6eae1e2371a7,ZIMS36,9*10,SC,,,
53f5758f-d132-4c84-8311-6a77b462df9a,12222,ROBERT,Rayane,Responsable Qualité,,ZIMS36,Journée,J,,,
8ed65c1b-78ca-4037-9156-025979955fe8,226894,BEALLO,AMANDINE,Compagnon,a013c7a6-4904-4aa1-a9c1-6eae1e2371a7,ZIMS36,3*8,A,DRA718,,